word1,word2,SimLex999,conc(w1),conc(w2),concQ,Assoc(USF),SimAssoc333,SD(SimLex)
old,new,1.58,2.72,2.81,2,7.25,1,0.41
smart,intelligent,9.2,1.75,2.46,1,7.11,1,0.67
hard,difficult,8.77,3.76,2.21,2,5.94,1,1.19
happy,cheerful,9.55,2.56,2.34,1,5.85,1,2.18
hard,easy,0.95,3.76,2.07,2,5.82,1,0.93
fast,rapid,8.75,3.32,3.07,2,5.66,1,1.68
happy,glad,9.17,2.56,2.36,1,5.49,1,1.59
short,long,1.23,3.61,3.18,2,5.36,1,1.58
stupid,dumb,9.58,1.75,2.36,1,5.26,1,1.48
weird,strange,8.93,1.59,1.86,1,4.26,1,1.3
wide,narrow,1.03,3.06,3.04,2,4.06,1,0.58
bad,awful,8.42,1.68,1.92,1,3.41,1,1.74
easy,difficult,0.58,2.07,2.21,1,2.83,1,0.36
bad,terrible,7.78,1.68,2.04,1,2.31,1,1.43
hard,simple,1.38,3.76,1.62,2,2.16,1,1.03
smart,dumb,0.55,1.75,2.36,1,2.1,1,0.47
insane,crazy,9.57,1.77,2.37,1,2.09,1,0.92
happy,mad,0.95,2.56,2.76,2,2.07,1,1.4
large,huge,9.47,3.37,3.54,2,2,1,1.27
hard,tough,8.05,3.76,2.5,2,1.99,1,1.18
new,fresh,6.83,2.81,1.97,1,1.98,1,1.2
sharp,dull,0.6,3.86,2.37,2,1.48,1,1.39
quick,rapid,9.7,2.89,3.07,2,1.38,1,1.14
dumb,foolish,6.67,2.36,1.84,1,1.34,1,1.36
wonderful,terrific,8.63,1.82,2.07,1,1.17,1,1.63
strange,odd,9.02,1.86,1.7,1,1.16,1,1.04
happy,angry,1.28,2.56,2.53,1,1.15,1,1.41
narrow,broad,1.18,3.04,2.45,2,1,1,1.18
simple,easy,9.4,1.62,2.07,1,0.96,1,1.51
old,fresh,0.87,2.72,1.97,1,0.91,1,1.64
apparent,obvious,8.47,1.73,2.07,1,0.89,1,1.52
inexpensive,cheap,8.72,2.22,2.11,1,0.79,1,0.81
nice,generous,5,2.18,2.25,1,0.77,1,1.14
weird,normal,0.72,1.59,1.4,1,0.76,1,1.15
weird,odd,9.2,1.59,1.7,1,0.75,1,1.27
bad,immoral,7.62,1.68,1.59,1,0.74,1,0.98
sad,funny,0.95,3.07,2.5,2,0.74,1,1.28
wonderful,great,8.05,1.82,1.81,1,0.7,1,1.05
guilty,ashamed,6.38,2.36,1.74,1,0.69,1,0.47
beautiful,wonderful,6.5,2.16,1.82,1,0.68,1,0.85
confident,sure,8.27,2.62,1.73,1,0.68,1,1.21
dumb,dense,7.27,2.36,3.14,2,0.68,1,0.43
large,big,9.55,3.37,3.66,2,0.68,1,0.44
nice,cruel,0.67,2.18,2.11,1,0.49,1,1.53
impatient,anxious,6.03,2.38,1.68,1,0.47,1,1.22
big,broad,6.73,3.66,2.45,2,0.47,1,1.68
strong,proud,3.17,3.14,2.07,2,0.42,0,1.46
unnecessary,necessary,0.63,1.56,1.8,1,0.41,0,0.61
restless,young,1.6,2.46,3.16,2,0.41,0,0.85
dumb,intelligent,0.75,2.36,2.46,1,0.37,0,1.5
bad,great,0.35,1.68,1.81,1,0.35,0,1.49
difficult,simple,0.87,2.21,1.62,1,0.34,0,0.44
necessary,important,7.37,1.8,2.14,1,0.34,0,1.36
bad,terrific,0.65,1.68,2.07,1,0.28,0,1.43
mad,glad,1.45,2.76,2.36,1,0.28,0,1.17
honest,guilty,1.18,1.66,2.36,1,0.27,0,1.68
easy,tough,0.52,2.07,2.5,1,0.27,0,1.87
easy,flexible,4.1,2.07,2.64,1,0.27,0,1.08
certain,sure,8.42,1.68,1.73,1,0.23,0,1.29
essential,necessary,8.97,1.52,1.8,1,0.21,0,1.11
different,normal,1.08,1.97,1.4,1,0.21,0,1.75
sly,clever,7.25,2.03,1.79,1,0.21,0,1.41
crucial,important,8.82,2.08,2.14,1,0.21,0,1.25
harsh,cruel,8.18,2.23,2.11,1,0.21,0,1.66
childish,foolish,5.5,2.52,1.84,1,0.21,0,1.45
scarce,rare,9.17,2.57,1.96,1,0.21,0,1.21
friendly,generous,5.9,2.32,2.25,1,0.21,0,0.6
fragile,frigid,2.38,2.86,3.28,2,0.21,0,0.84
long,narrow,3.57,3.18,3.04,2,0.21,0,1.62
big,heavy,6.18,3.66,3.37,2,0.21,0,1.54
rough,frigid,2.47,3.83,3.28,2,0.21,0,1.37
bizarre,strange,9.37,1.79,1.86,1,0.2,0,1.54
illegal,immoral,4.28,2.37,1.59,1,0.2,0,1.57
bad,guilty,4.2,1.68,2.36,1,0.2,0,1.47
modern,ancient,0.73,2.31,2.04,1,0.2,0,0.71
new,ancient,0.23,2.81,2.04,1,0.2,0,0.46
dull,funny,0.55,2.37,2.5,1,0.2,0,1.76
happy,young,2,2.56,3.16,2,0.2,0,0.47
easy,big,1.12,2.07,3.66,2,0.2,0,1.22
great,awful,1.17,1.81,1.92,1,0.15,0,1.53
tiny,huge,0.6,3.11,3.54,2,0.15,0,0.59
polite,proper,7.63,1.85,1.78,1,0.14,0,1.42
modest,ashamed,2.65,2.21,1.74,1,0.14,0,1
exotic,rare,8.05,2.11,1.96,1,0.14,0,0.93
dumb,clever,1.17,2.36,1.79,1,0.14,0,1.3
delightful,wonderful,8.65,2.38,1.82,1,0.14,0,1.29
noticeable,obvious,8.48,2.29,2.07,1,0.14,0,1.69
afraid,anxious,5.07,2.7,1.68,1,0.14,0,1.28
formal,proper,8.02,2.7,1.78,1,0.14,0,1.31
dreary,dull,8.25,2.33,2.37,1,0.14,0,1.85
delightful,cheerful,6.58,2.38,2.34,1,0.14,0,1.56
unhappy,mad,5.95,2.04,2.76,1,0.14,0,1.36
sad,terrible,5.4,3.07,2.04,1,0.14,0,0.44
sick,crazy,3.57,2.97,2.37,2,0.14,0,0.95
violent,angry,6.98,3.1,2.53,2,0.14,0,1.55
laden,heavy,5.9,2.96,3.37,2,0.14,0,1.28
dirty,cheap,1.6,4.23,2.11,2,0.14,0,1.1
elastic,flexible,7.78,3.73,2.64,2,0.14,0,1.09
hard,dense,5.9,3.76,3.14,2,0.14,0,1
recent,new,7.05,2.5,2.81,2,0.13,0,1.05
bold,proud,3.97,2.43,2.07,1,0.12,0,1.36
sly,strange,1.97,2.03,1.86,1,0,0,1.07
strange,sly,2.07,1.86,2.03,1,0,0,0.51
dumb,rare,0.48,2.36,1.96,1,0,0,1.55
sly,tough,0.58,2.03,2.5,1,0,0,1.01
terrific,mad,0.4,2.07,2.76,1,0,0,0.86
modest,flexible,0.98,2.21,2.64,1,0,0,1.89
fresh,wide,0.4,1.97,3.06,1,0,0,1.41
huge,dumb,0.48,3.54,2.36,2,0,0,0.91
large,flexible,0.48,3.37,2.64,2,0,0,1.59
dirty,narrow,0.3,4.23,3.04,2,0,0,0.89
wife,husband,2.3,4.13,4.11,3,8.85,1,0.84
book,text,6.35,4.9,4.93,4,8.81,1,1.43
groom,bride,3.17,4.54,4.63,3,8.65,1,0.68
night,day,1.88,4.52,3.92,3,8.19,1,1.17
south,north,2.2,3.84,4.14,3,7.72,1,0.59
plane,airport,3.65,4.92,4.87,4,7.57,1,1.07
uncle,aunt,5.5,4.24,4.17,3,7.46,1,1.63
horse,mare,8.33,5,4.75,4,7.4,1,0.73
bottom,top,0.7,4.25,3.93,3,6.96,1,1.16
friend,buddy,8.78,3.07,3.48,2,6.87,1,0.93
student,pupil,9.35,4.92,4.55,3,6.83,1,1.11
world,globe,6.67,4.36,4.59,3,6.79,1,0.67
leg,arm,2.88,4.83,4.96,4,6.73,1,0.79
plane,jet,8.1,4.92,4.77,4,6.62,1,1.24
woman,man,3.33,4.46,4.79,3,6.6,1,1.42
horse,colt,7.07,5,4.96,4,6.54,1,0.84
actress,actor,7.12,4.54,4.57,3,5.78,1,1.3
teacher,instructor,9.25,4.52,4.26,3,5.66,1,1.53
movie,film,8.87,4.59,4.71,3,5.43,1,1.72
bird,hawk,7.85,5,4.93,4,5.29,1,0.91
word,dictionary,3.68,3.56,4.62,3,5.2,1,1.56
money,salary,7.88,4.54,3.69,3,5.16,1,1.11
dog,cat,1.75,4.85,4.86,4,5.13,1,1.3
area,region,9.47,3.72,3.19,2,5.12,1,0.58
navy,army,6.43,3.93,4.7,3,5,1,0.53
book,literature,7.53,4.9,4.1,3,4.86,1,0.45
clothes,closet,3.27,4.76,4.83,4,4.83,1,1.29
sunset,sunrise,2.47,4.54,4.69,3,4.8,1,1.12
child,adult,2.98,4.78,4.4,3,4.59,1,1.48
cow,cattle,9.52,4.96,4.64,4,4.39,1,0.79
book,story,5.63,4.9,3.3,3,4.19,1,0.78
winter,summer,2.38,3.84,3.64,3,3.96,1,0.47
taxi,cab,9.2,4.93,4.88,4,3.86,1,1.23
tree,maple,5.53,5,4.46,3,3.67,1,1.19
bed,bedroom,3.4,5,4.9,4,3.53,1,1.25
roof,ceiling,7.58,4.79,4.85,4,3.5,1,0.77
disease,infection,7.15,3.45,4.1,3,3.45,1,1.08
arm,shoulder,4.85,4.96,4.93,4,3.35,1,1.81
sheep,lamb,8.42,4.9,4.97,4,3.33,1,1.51
lady,gentleman,3.42,4.33,3.57,3,3.29,1,1.08
boat,anchor,2.25,4.93,4.77,4,3.25,1,1.1
priest,monk,6.28,4.77,4.35,3,3.23,1,0.61
toe,finger,4.68,4.93,5,4,3.22,1,0.55
river,stream,7.3,4.89,4.5,3,3.21,1,0.81
anger,fury,8.73,2.41,2.89,2,3.06,1,1.89
date,calendar,4.42,3.9,4.62,3,3.05,1,1.5
sea,ocean,8.27,4.79,4.86,4,2.91,1,1.3
second,minute,4.62,3.3,3.04,2,2.84,1,1.15
hand,thumb,3.88,4.72,4.96,4,2.84,1,0.44
wood,log,7.3,4.85,4.96,4,2.79,1,0.87
mud,dirt,7.32,4.86,4.86,4,2.76,1,0.48
hallway,corridor,9.28,4.74,4.72,3,2.7,1,0.76
way,manner,7.62,2.34,1.62,1,2.56,1,0.44
mouse,cat,1.12,4.83,4.86,4,2.56,1,1.02
cop,sheriff,9.05,4.3,4.5,3,2.54,1,1.55
death,burial,4.93,3.73,3.93,3,2.46,1,1.88
music,melody,6.98,4.31,3.71,3,2.43,1,1.36
beer,alcohol,7.5,4.88,4.76,4,2.4,1,1.07
mouth,lip,7.1,4.74,4.96,4,2.28,1,1.4
storm,hurricane,6.38,4.7,4.59,3,2.27,1,0.9
tax,income,2.38,3.89,3.07,2,2.25,1,1.15
flower,violet,6.95,5,4.48,4,2.22,1,1.72
paper,cardboard,5.38,4.93,4.9,4,2.2,1,1.22
floor,ceiling,1.73,4.8,4.85,4,2.18,1,0.97
beach,seashore,8.33,4.79,4.63,3,2.15,1,0.47
rod,curtain,3.03,4.43,4.82,3,2.13,1,0.39
hound,fox,2.38,4.48,4.97,3,2.13,1,1.36
street,alley,5.48,4.75,4.82,4,2.07,1,1.62
boat,deck,4.28,4.93,4.77,4,2.04,1,1.39
car,horn,2.57,4.89,5,4,2.04,1,0.79
friend,guest,4.25,3.07,3.83,2,1.97,1,1.41
employer,employee,3.65,3.81,4.1,3,1.96,1,0.95
hand,wrist,3.97,4.72,4.93,4,1.96,1,1.32
ball,cannon,2.58,5,4.79,4,1.96,1,1.82
alcohol,brandy,6.98,4.76,4.81,4,1.93,1,0.57
victory,triumph,8.98,2.55,2.17,1,1.9,1,0.94
telephone,booth,3.63,4.96,4.42,3,1.88,1,1.1
door,doorway,5.4,4.81,4.75,4,1.88,1,1.86
motel,inn,8.17,4.93,4.64,4,1.86,1,0.39
clothes,cloth,5.47,4.76,4.9,4,1.82,1,1.43
steak,meat,7.47,4.96,4.9,4,1.81,1,1.34
nail,thumb,3.55,4.93,4.96,4,1.76,1,1.16
band,orchestra,7.08,4.68,4.79,4,1.75,1,1.36
book,bible,5,4.9,4.61,4,1.74,1,1.43
business,industry,7.02,3.28,3.29,2,1.73,1,1.1
winter,season,6.27,3.84,3.32,2,1.71,1,1.76
decade,century,3.48,3.19,2.83,2,1.64,1,1.36
alcohol,gin,8.65,4.76,4.46,3,1.64,1,1.17
hat,coat,2.67,4.88,4.97,4,1.62,1,1.76
window,door,3.33,4.86,4.81,4,1.56,1,1.6
arm,wrist,3.57,4.96,4.93,4,1.55,1,1.33
house,apartment,5.8,5,4.9,4,1.54,1,1.4
glass,crystal,6.27,4.82,4.58,3,1.52,1,1.48
wine,brandy,5.15,4.79,4.81,4,1.52,1,1.67
creator,maker,9.62,3.07,3.9,2,1.51,1,1.4
dinner,breakfast,3.33,4.5,4.43,3,1.49,1,1.72
arm,muscle,3.72,4.96,4.5,3,1.45,1,0.83
bubble,suds,8.57,4.6,4.59,3,1.42,1,1.59
bread,flour,3.33,4.92,4.97,4,1.42,1,1.25
death,tragedy,5.8,3.73,2.07,2,1.41,1,1.13
absence,presence,0.4,2.31,2.72,1,1.38,1,1.5
gun,cannon,5.68,4.83,4.79,4,1.35,1,1.56
grass,blade,4.57,4.93,4.93,4,1.34,1,1.53
ball,basket,1.67,5,5,4,1.33,1,1.08
hose,garden,1.67,4.87,4.73,4,1.32,1,1.1
boy,kid,7.5,4.76,4.56,3,1.28,1,1.44
church,choir,2.95,4.9,4.34,3,1.27,1,1.43
clothes,drawer,3.02,4.76,4.67,3,1.27,1,1.49
tower,bell,1.9,4.76,4.96,4,1.22,1,1.41
father,parent,7.07,4.52,4.56,3,1.19,1,1.06
school,grade,4.42,4.79,3,3,1.18,1,1.32
parent,adult,5.37,4.56,4.4,3,1.15,1,1.6
bar,jail,1.9,4.67,4.83,4,1.15,1,1.12
car,highway,3.4,4.89,4.72,4,1.15,1,1.77
dictionary,definition,6.25,4.62,3.07,3,1.14,1,1.06
door,cellar,1.97,4.81,4.68,4,1.13,1,1.47
army,legion,5.95,4.7,2.69,2,1.11,1,1.29
metal,aluminum,7.25,4.87,4.88,4,1.1,1,1.76
chair,bench,6.67,4.58,4.87,3,1.09,1,1.22
cloud,fog,6,4.54,4.66,3,1.05,1,1.04
boy,son,6.75,4.76,4.14,3,1.03,1,0.88
water,ice,6.47,5,4.89,4,1.03,1,1.66
bed,blanket,3.02,5,5,4,1.02,1,1.48
attorney,lawyer,9.35,4.52,4.7,3,1.01,1,1.4
area,zone,8.33,3.72,3.07,2,0.97,1,0.89
business,company,9.02,3.28,4.11,3,0.97,1,0.47
clothes,fabric,5.87,4.76,4.63,3,0.96,1,1.66
sweater,jacket,7.15,4.78,4.86,4,0.96,1,1.13
money,capital,6.67,4.54,4.1,3,0.95,1,0.97
hand,foot,4.17,4.72,4.9,4,0.95,1,1.41
alcohol,cocktail,6.73,4.76,4.4,3,0.93,1,1.2
yard,inch,3.78,4.82,4.37,3,0.93,1,1.4
molecule,atom,6.45,3.27,3.34,2,0.92,1,1.56
lens,camera,4.28,4.64,5,4,0.9,1,1.89
meal,dinner,7.15,4.62,4.5,3,0.88,1,2
eye,tear,3.55,4.9,4.56,3,0.88,1,1.48
god,devil,1.8,2.07,3.41,2,0.87,1,1.1
loop,belt,3.1,4.26,4.9,3,0.87,1,1.74
rat,mouse,7.78,4.85,4.83,4,0.87,1,0.93
motor,engine,8.65,4.84,4.86,4,0.87,1,1.47
car,cab,7.42,4.89,4.88,4,0.87,1,1.15
cat,lion,6.75,4.86,4.96,4,0.85,1,0.84
size,magnitude,6.33,3.13,2.43,2,0.84,1,0.59
reality,fantasy,1.03,1.72,1.59,1,0.83,1,0.89
door,gate,5.25,4.81,4.96,4,0.83,1,1.47
cat,pet,5.95,4.86,4.71,4,0.82,1,1.41
tin,aluminum,6.42,4.87,4.88,4,0.82,1,1.3
bone,jaw,4.17,4.9,4.87,4,0.82,1,0.44
cereal,wheat,3.75,4.83,4.89,4,0.81,1,1.72
house,key,1.9,5,4.89,4,0.8,1,1.09
blood,flesh,4.28,4.86,4.59,3,0.79,1,1.74
door,corridor,3.73,4.81,4.72,4,0.79,1,1.11
god,spirit,7.3,2.07,1.6,1,0.77,1,1.63
capability,competence,7.62,1.93,1.78,1,0.77,1,0.84
abundance,plenty,8.97,2.21,2.39,1,0.77,1,1.02
sofa,chair,6.67,4.9,4.58,4,0.77,1,1.56
wall,brick,4.68,4.86,4.83,4,0.77,1,1.16
horn,drum,2.68,5,4.96,4,0.77,1,0.47
organ,liver,6.15,4.77,4.68,3,0.76,1,1.12
strength,might,7.07,2.96,2.32,2,0.74,1,0.8
phrase,word,5.48,2.86,3.56,2,0.74,1,1.73
band,parade,3.92,4.68,4.54,3,0.74,1,1.74
stomach,waist,5.9,4.89,4.72,4,0.74,1,1.49
cloud,storm,5.6,4.54,4.7,3,0.73,1,1.47
joy,pride,5,2.37,1.66,1,0.72,1,0.9
noise,rattle,6.17,3.52,4.07,3,0.72,1,1.33
rain,mist,5.97,4.97,4.51,4,0.71,1,1.83
beer,beverage,5.42,4.88,4.6,4,0.71,1,1.34
man,uncle,3.92,4.79,4.24,3,0.7,1,1.36
apple,juice,2.88,5,4.89,4,0.7,1,1.65
intelligence,logic,6.5,2.24,1.72,1,0.68,1,1.2
communication,language,7.47,2.9,2.35,2,0.68,1,1.09
mink,fur,6.83,4.58,4.69,3,0.68,1,0.39
mob,crowd,7.85,3.88,4.52,3,0.67,1,1.2
shore,coast,8.83,4.79,4.21,3,0.67,1,1.53
wire,cord,7.62,4.72,4.63,3,0.67,1,1.35
bird,turkey,6.58,5,4.89,4,0.67,1,1.6
bed,crib,7.3,5,4.86,4,0.65,1,1.56
competence,ability,7.5,1.78,1.81,1,0.63,1,0.6
cloud,haze,7.32,4.54,4.04,3,0.63,1,1.68
supper,meal,7.53,4.63,4.62,3,0.63,1,0.47
bar,cage,2.8,4.67,5,4,0.63,1,0.51
water,salt,1.3,5,4.89,4,0.63,1,0.94
sense,intuition,7.68,2.61,1.67,1,0.62,1,1.24
situation,condition,6.58,2.03,2.15,1,0.61,1,1.41
crime,theft,7.53,3.03,2.93,2,0.61,1,1.32
style,fashion,8.5,2.67,3.43,2,0.61,1,0.87
boundary,border,9.08,3.04,4.29,2,0.61,1,0.44
arm,body,4.05,4.96,4.79,4,0.61,1,0.51
boat,car,2.37,4.93,4.89,4,0.61,1,1.17
sandwich,lunch,6.3,4.9,4.31,3,0.58,1,1.53
bride,princess,2.8,4.63,4.72,3,0.58,1,0.92
heroine,hero,8.78,4.21,3.07,2,0.56,1,1.79
car,gauge,1.13,4.89,4,3,0.56,1,1.47
insect,bee,6.07,4.89,4.88,4,0.55,1,1.34
crib,cradle,8.55,4.86,4.93,4,0.55,1,1.15
animal,person,3.05,4.61,4.72,3,0.54,1,1.38
marijuana,herb,6.5,4.89,4.57,3,0.54,1,0.59
bed,hospital,0.92,5,4.64,4,0.54,1,1.35
cheek,tongue,4.52,4.83,4.93,4,0.54,1,0.47
disc,computer,3.2,4.85,4.93,4,0.54,1,0.44
curve,angle,3.33,4.41,3.5,3,0.53,1,1.51
grass,moss,5,4.93,4.9,4,0.53,1,1.27
school,law,1.13,4.79,2.57,2,0.52,1,1.49
foot,head,2.3,4.9,4.75,4,0.52,1,0.62
mother,guardian,6.5,4.6,3.28,3,0.51,1,1.13
orthodontist,dentist,8.27,4.43,4.93,3,0.51,1,1.47
alcohol,whiskey,7.27,4.76,4.74,4,0.51,1,1.19
mouth,tooth,6.3,4.74,4.89,4,0.51,1,1.39
breakfast,bacon,4.37,4.43,4.9,3,0.5,1,1.46
bathroom,bedroom,3.4,4.52,4.9,3,0.5,1,1.73
plate,bowl,5.23,4.77,4.87,4,0.5,1,1.46
meat,bacon,5.8,4.9,4.9,4,0.5,1,1.5
air,helium,3.63,4.11,3.96,3,0.49,1,1.59
worker,employer,5.37,4.59,3.81,3,0.49,1,1.4
body,chest,4.45,4.79,4.93,4,0.49,1,1.45
son,father,3.82,4.14,4.52,3,0.48,1,1.75
heart,surgery,1.08,4.52,4.34,3,0.48,1,1.07
woman,secretary,1.98,4.46,4.54,3,0.48,1,1.6
man,father,4.83,4.79,4.52,3,0.48,1,1.62
beach,island,5.6,4.79,4.96,4,0.48,1,0.39
story,topic,5,3.3,2.59,2,0.47,1,1.7
game,fun,3.42,4.5,1.97,2,0.47,1,2.07
weekend,week,4,3.83,3.48,2,0.47,1,1.57
couple,pair,8.33,3.93,3.88,3,0.47,1,1.5
woman,wife,5.72,4.46,4.13,3,0.47,1,1.35
sheep,cattle,4.77,4.9,4.64,4,0.47,1,0.47
purse,bag,8.33,4.9,4.9,4,0.47,1,1.39
ceiling,cathedral,2.42,4.85,4.86,4,0.46,1,1.57
bean,coffee,5.15,5,4.81,4,0.46,1,1.52
wood,paper,2.88,4.85,4.93,4,0.44,0,1.55
top,side,1.9,3.93,3.68,3,0.43,0,1.29
crime,fraud,5.65,3.03,1.68,1,0.42,0,1.18
pain,harm,5.38,3.5,2.62,2,0.42,0,0.95
lover,companion,5.97,3.68,3.75,3,0.42,0,0.8
evening,dusk,7.78,3.26,4.24,3,0.42,0,1.32
father,daughter,2.62,4.52,4.79,3,0.42,0,1.69
wine,liquor,7.85,4.79,4.73,4,0.42,0,0.78
cow,goat,2.93,4.96,5,4,0.42,0,0.59
belief,opinion,7.7,1.19,1.93,1,0.41,0,1.24
reality,illusion,1.42,1.72,2.48,1,0.41,0,1.36
pact,agreement,9.02,2.52,2.22,1,0.41,0,1.2
wealth,poverty,1.27,2.63,2.54,1,0.41,0,1.47
accident,emergency,4.93,3.26,2.41,2,0.41,0,0.49
battle,conquest,7.22,4,2.54,2,0.41,0,0.89
friend,teacher,2.62,3.07,4.52,3,0.41,0,1.29
illness,infection,6.9,3.54,4.1,3,0.41,0,1.28
game,trick,2.32,4.5,3.36,3,0.41,0,1.02
brother,son,3.48,4.43,4.14,3,0.41,0,1.61
aunt,nephew,3.1,4.17,4.48,3,0.41,0,1.31
worker,mechanic,4.92,4.59,4.38,3,0.41,0,1.2
doctor,orthodontist,5.58,4.69,4.43,3,0.41,0,1.25
oak,maple,6.03,4.82,4.46,3,0.41,0,0.39
bee,queen,3.27,4.88,4.45,3,0.41,0,1.2
car,bicycle,3.47,4.89,4.89,4,0.41,0,1.68
goal,quest,5.83,3.06,2.87,2,0.4,0,1.31
august,month,5.53,3.04,4.2,2,0.4,0,1.54
army,squad,5.08,4.7,3.65,3,0.4,0,1.61
cloud,weather,4.87,4.54,3.83,3,0.4,0,0.94
physician,doctor,8.88,4.65,4.69,3,0.4,0,1.5
canyon,valley,6.75,4.81,4.72,4,0.4,0,1.39
river,valley,1.67,4.89,4.72,4,0.4,0,1.23
sun,sky,2.27,4.83,4.45,3,0.39,0,1.67
target,arrow,3.25,4.11,4.97,3,0.38,0,1.74
chocolate,pie,2.27,4.72,4.92,4,0.38,0,1.79
circumstance,situation,7.85,1.77,2.03,1,0.36,0,1.31
opinion,choice,5.43,1.93,1.9,1,0.36,0,1.5
rhythm,melody,6.12,3.07,3.71,2,0.36,0,1.27
gut,nerve,4.93,4.15,3.89,3,0.36,0,1.65
day,dawn,5.47,3.92,4.46,3,0.36,0,1.45
cattle,beef,7.03,4.64,4.74,3,0.36,0,1.53
doctor,professor,4.65,4.69,4.86,4,0.36,0,1.19
arm,vein,3.65,4.96,4.63,4,0.36,0,1.62
room,bath,3.33,4.79,4.85,4,0.36,0,0.49
corporation,business,9.02,2.79,3.28,2,0.35,0,1.44
fun,football,1.97,1.97,4.73,2,0.35,0,1.43
hill,cliff,4.28,4.93,4.71,4,0.35,0,1.26
bone,ankle,3.82,4.9,4.81,4,0.35,0,0.69
apple,candy,2.08,5,4.83,4,0.35,0,0.75
helper,maid,5.58,3.39,4.64,3,0.34,0,0.44
leader,manager,7.27,3.89,4.14,3,0.34,0,1.43
lemon,tea,1.6,5,4.69,4,0.34,0,1.33
bee,ant,2.78,4.88,4.86,4,0.34,0,1.04
basketball,baseball,4.92,4.97,4.86,4,0.34,0,0.93
rice,bean,2.72,4.86,5,4,0.34,0,1.27
bed,furniture,6.08,5,4.89,4,0.34,0,0.84
emotion,passion,7.72,2.44,2.3,1,0.33,0,1.3
anarchy,chaos,7.93,2.12,2.79,1,0.33,0,1.35
crime,violation,7.12,3.03,2.67,2,0.33,0,0.87
machine,engine,5.58,4.25,4.86,3,0.33,0,1.95
beach,sea,4.68,4.79,4.79,4,0.33,0,1.08
alley,bowl,1.53,4.82,4.87,4,0.33,0,0.51
jar,bottle,7.83,5,4.91,4,0.33,0,1.44
strength,capability,5.28,2.96,1.93,1,0.32,0,1.33
seed,mustard,3.48,4.71,4.93,4,0.32,0,0.59
guitar,drum,3.78,4.9,4.96,4,0.32,0,1.72
opinion,idea,5.7,1.93,1.61,1,0.31,0,1.29
north,west,3.63,4.14,3.44,3,0.31,0,1.6
diet,salad,2.98,3.21,4.97,3,0.31,0,1.6
mother,wife,3.02,4.6,4.13,3,0.31,0,1.62
dad,mother,3.55,4.29,4.6,3,0.31,0,1.44
captain,sailor,5,4.19,4.86,3,0.31,0,1.43
meter,yard,5.6,4.7,4.82,4,0.31,0,1.32
beer,champagne,4.45,4.88,4.82,4,0.31,0,1.2
motor,boat,2.57,4.84,4.93,4,0.31,0,1.45
card,bridge,1.97,4.9,4.97,4,0.31,0,1.69
science,psychology,4.92,2.79,2.31,1,0.3,0,1.91
sinner,saint,1.6,3.07,3.45,2,0.3,0,1.39
destruction,construction,0.98,3.21,3.72,2,0.3,0,1.69
crowd,bunch,7.42,4.52,3.5,3,0.3,0,1.37
beach,reef,3.77,4.79,4.7,4,0.3,0,1.85
man,child,4.13,4.79,4.78,4,0.3,0,1.34
bread,cheese,1.95,4.92,4.7,4,0.3,0,1.52
champion,winner,8.73,3.82,3.21,2,0.29,0,1.15
celebration,ceremony,7.72,3.47,3.57,2,0.29,0,0.61
menu,order,3.62,4.67,2.79,3,0.29,0,1.42
king,princess,3.27,4.1,4.72,3,0.29,0,1.7
wealth,prestige,6.07,2.63,1.61,1,0.28,0,1.55
endurance,strength,6.58,2,2.96,1,0.28,0,0.59
danger,threat,8.78,2.68,2.52,2,0.28,0,1.56
god,priest,4.5,2.07,4.77,2,0.28,0,1.2
men,fraternity,3.13,4.75,2.46,2,0.28,0,1.11
buddy,companion,8.65,3.48,3.75,2,0.28,0,1.64
teacher,helper,4.28,4.52,3.39,3,0.28,0,1.65
body,stomach,3.93,4.79,4.89,4,0.28,0,1.15
tongue,throat,3.1,4.93,4.97,4,0.28,0,1.31
house,carpet,1.38,5,4.96,4,0.28,0,1.44
intelligence,skill,5.35,2.24,2.17,1,0.27,0,1.29
journey,conquest,4.72,2.57,2.54,1,0.27,0,1.12
god,prey,1.23,2.07,3.61,2,0.27,0,1.73
brother,soul,0.97,4.43,1.86,2,0.27,0,1.18
adversary,opponent,9.05,2.93,3.52,2,0.27,0,1.4
death,catastrophe,4.13,3.73,2.96,2,0.27,0,1.46
monster,demon,6.95,3.72,3.32,2,0.27,0,1.5
day,morning,4.87,3.92,3.44,2,0.27,0,1.95
man,victor,1.9,4.79,2.88,3,0.27,0,1.67
friend,guy,3.88,3.07,4.68,3,0.27,0,1.49
song,story,3.97,4.46,3.3,3,0.27,0,1.27
ray,sunshine,6.83,3.57,4.21,3,0.27,0,1.55
guy,stud,5.83,4.68,4,3,0.27,0,1.7
chicken,rice,1.43,4.8,4.86,4,0.27,0,1.47
box,elevator,1.32,4.9,4.79,4,0.27,0,1.28
butter,potato,1.22,4.9,4.85,4,0.27,0,1.19
apartment,furniture,1.28,4.9,4.89,4,0.27,0,1.72
lake,swamp,4.92,4.88,4.96,4,0.27,0,1.6
salad,vinegar,1.13,4.97,4.89,4,0.27,0,1.65
flower,bulb,4.48,5,4.93,4,0.27,0,1.27
cloud,mist,6.67,4.54,4.51,3,0.26,0,1.43
driver,pilot,6.28,4.71,4.67,3,0.26,0,1.52
sugar,honey,5.13,4.87,4.88,4,0.26,0,1.07
body,shoulder,2.88,4.79,4.93,4,0.25,0,1.47
idea,image,3.55,1.61,3.85,2,0.24,0,1.47
father,brother,4.2,4.52,4.43,3,0.24,0,1.28
moon,planet,5.87,4.9,4.58,4,0.24,0,1.57
ball,costume,2.32,5,4.57,4,0.24,0,1.02
rail,fence,5.22,4.9,4.82,4,0.24,0,1.17
room,bed,2.35,4.79,5,4,0.24,0,1.31
flower,bush,4.25,5,4.9,4,0.24,0,1.66
bone,knee,4.17,4.9,5,4,0.24,0,1.64
arm,knee,2.75,4.96,5,4,0.24,0,0.59
bottom,side,2.63,4.25,3.68,3,0.22,0,1.51
vessel,vein,5.15,4.66,4.63,3,0.22,0,1.55
cat,rabbit,2.37,4.86,4.93,4,0.22,0,1.67
meat,sandwich,2.35,4.9,4.9,4,0.22,0,1.69
belief,concept,5.08,1.19,1.41,1,0.21,0,1.44
intelligence,insight,5.9,2.24,1.72,1,0.21,0,1.59
attention,interest,7.22,2.3,1.8,1,0.21,0,1.21
attitude,confidence,4.35,1.97,2.17,1,0.21,0,1.22
right,justice,7.05,3.47,1.45,1,0.21,0,1.52
argument,agreement,1.45,2.85,2.22,1,0.21,0,1.36
depth,magnitude,6.12,3.11,2.43,2,0.21,0,1.64
medium,news,3.65,3,3.41,2,0.21,0,1.3
winner,candidate,2.78,3.21,3.81,2,0.21,0,1.29
birthday,date,5.08,3.2,3.9,2,0.21,0,1.2
fee,payment,7.15,3.89,3.91,3,0.21,0,1.56
bible,hymn,5.15,4.61,4.04,3,0.21,0,1.08
exit,doorway,5.5,3.93,4.75,3,0.21,0,1.73
man,sentry,3.25,4.79,4.04,3,0.21,0,1.22
aisle,hall,6.35,4.35,4.67,3,0.21,0,0.96
whiskey,gin,6.28,4.74,4.46,3,0.21,0,1.14
blood,marrow,3.4,4.86,4.48,3,0.21,0,1.17
oil,mink,1.23,4.93,4.58,4,0.21,0,1.53
floor,deck,5.55,4.8,4.77,4,0.21,0,1.06
roof,floor,2.62,4.79,4.8,4,0.21,0,1.66
door,floor,1.67,4.81,4.8,4,0.21,0,0.39
shoulder,head,3.42,4.93,4.75,4,0.21,0,1.14
wagon,carriage,7.7,4.89,4.86,4,0.21,0,1.84
car,carriage,5.13,4.89,4.86,4,0.21,0,1.2
elbow,ankle,3.13,5,4.81,4,0.21,0,1.48
wealth,fame,4.02,2.63,1.96,1,0.2,0,1.1
sorrow,shame,4.77,2.36,2.24,1,0.2,0,1.52
administration,management,7.25,2.78,2.72,2,0.2,0,1.67
communication,conversation,8.02,2.9,3.28,2,0.2,0,0.88
pollution,atmosphere,4.25,3.75,3.04,2,0.2,0,0.98
anatomy,biology,5.33,3.59,3.48,2,0.2,0,1.37
college,profession,3.12,4.62,2.83,3,0.2,0,1.41
book,topic,2.07,4.9,2.59,3,0.2,0,1.22
formula,equation,7.95,4.11,3.65,3,0.2,0,0.56
book,information,5,4.9,2.87,3,0.2,0,1.13
boy,partner,1.9,4.76,3.53,3,0.2,0,1.54
sky,universe,4.68,4.45,3.85,3,0.2,0,1.39
population,people,7.68,3.64,4.82,3,0.2,0,0.8
college,class,4.13,4.62,3.85,3,0.2,0,1.16
chief,mayor,4.85,4.26,4.37,3,0.2,0,1.25
rabbi,minister,7.62,4.64,4.22,3,0.2,0,1.35
meter,inch,5.08,4.7,4.37,3,0.2,0,1.19
polyester,cotton,5.63,4.12,4.97,3,0.2,0,1.53
lawyer,banker,1.88,4.7,4.43,3,0.2,0,1.18
violin,instrument,6.58,4.96,4.27,3,0.2,0,1.39
camp,cabin,4.2,4.35,4.92,3,0.2,0,1.2
pot,appliance,2.53,4.81,4.57,3,0.2,0,1.26
linen,fabric,7.47,4.8,4.63,3,0.2,0,1.26
whiskey,champagne,5.33,4.74,4.82,4,0.2,0,1.29
girl,child,5.38,4.85,4.78,4,0.2,0,1.21
cottage,cabin,7.72,4.85,4.92,4,0.2,0,1.47
bird,hen,7.03,5,4.9,4,0.2,0,1.43
racket,noise,8.1,4.26,3.52,3,0.19,0,1.49
sunset,evening,5.98,4.54,3.26,3,0.19,0,1.35
drizzle,rain,9.17,4.21,4.97,3,0.19,0,0.39
adult,baby,2.22,4.4,5,3,0.19,0,0.39
charcoal,coal,7.63,4.85,4.66,4,0.19,0,1.43
body,spine,4.78,4.79,4.88,4,0.19,0,1.22
head,nail,2.47,4.75,4.93,4,0.19,0,1.4
log,timber,8.05,4.96,4.9,4,0.19,0,1.12
spoon,cup,2.02,4.96,5,4,0.19,0,0.9
body,nerve,3.13,4.79,3.89,3,0.18,0,1.12
man,husband,5.32,4.79,4.11,3,0.18,0,1.71
bone,neck,2.53,4.9,5,4,0.18,0,1.05
frustration,anger,6.5,2.06,2.41,1,0.17,0,0.39
river,sea,5.72,4.89,4.79,4,0.17,0,0.39
task,job,8.87,2.84,3.19,2,0.16,0,1.75
club,society,5.23,3.78,2.54,2,0.16,0,1.59
reflection,image,7.27,3.29,3.85,2,0.16,0,1.06
prince,king,5.92,4.44,4.1,3,0.16,0,1.05
snow,weather,5.48,4.85,3.83,3,0.16,0,1.36
people,party,2.2,4.82,3.89,3,0.16,0,1.42
boy,brother,6.67,4.76,4.43,3,0.16,0,1.58
root,grass,3.55,4.34,4.93,3,0.16,0,1.35
brow,eye,3.82,4.39,4.9,3,0.16,0,1.41
money,pearl,2.1,4.54,4.87,3,0.16,0,1.94
money,diamond,3.42,4.54,4.89,3,0.16,0,1.37
vehicle,bus,6.47,4.64,4.9,4,0.16,0,1.38
cab,bus,5.6,4.88,4.9,4,0.16,0,1.64
house,barn,4.33,5,4.79,4,0.16,0,1.6
finger,palm,3.33,5,4.83,4,0.16,0,1.5
car,bridge,0.95,4.89,4.97,4,0.16,0,1.2
effort,difficulty,4.45,2.33,1.9,1,0.15,0,1.22
fact,insight,4.77,2.72,1.72,1,0.15,0,1.11
job,management,3.97,3.19,2.72,2,0.15,0,1.33
cancer,sickness,7.93,3.86,3.45,2,0.15,0,1.57
word,newspaper,2.47,3.56,4.82,3,0.15,0,0.94
composer,writer,6.58,4.37,4.32,3,0.15,0,0.8
actor,singer,4.52,4.57,4.62,3,0.15,0,1.26
shelter,hut,6.47,4.64,4.65,3,0.15,0,1.59
bathroom,kitchen,3.1,4.52,4.97,4,0.15,0,1.22
cabin,hut,6.53,4.92,4.65,4,0.15,0,1.37
door,kitchen,1.67,4.81,4.97,4,0.15,0,0.44
value,belief,7.07,1.62,1.19,1,0.14,0,0.95
wisdom,intelligence,7.47,1.53,2.24,1,0.14,0,1.33
ignorance,intelligence,1.5,1.6,2.24,1,0.14,0,1.3
happiness,luck,2.38,2.6,1.33,1,0.14,0,1.2
idea,scheme,6.75,1.61,2.41,1,0.14,0,1.47
mood,emotion,8.12,1.75,2.44,1,0.14,0,1.64
happiness,peace,6.03,2.6,1.62,1,0.14,0,1.35
despair,misery,7.22,2.21,2.04,1,0.14,0,1.06
logic,arithmetic,3.97,1.72,2.74,1,0.14,0,1.81
denial,confession,1.03,2.46,2.4,1,0.14,0,1.64
argument,criticism,5.08,2.85,2.07,1,0.14,0,1.07
aggression,hostility,8.48,2.68,2.24,1,0.14,0,0.44
hysteria,confusion,6.33,2.86,2.24,1,0.14,0,0.44
chemistry,theory,3.17,3.64,1.47,1,0.14,0,1.4
trial,verdict,3.33,3.07,2.19,2,0.14,0,1.18
comfort,safety,5.8,2.89,2.37,2,0.14,0,1.21
confidence,self,3.12,2.17,3.1,2,0.14,0,1.24
vision,perception,6.88,3.39,2,2,0.14,0,1.31
era,decade,5.4,2.24,3.19,2,0.14,0,1.02
biography,fiction,1.38,3.39,2.14,2,0.14,0,1.24
discussion,argument,5.48,3.07,2.85,2,0.14,0,1.43
code,symbol,6.03,3,3.11,2,0.14,0,1.67
danger,disease,3,2.68,3.45,2,0.14,0,0.44
accident,catastrophe,5.9,3.26,2.96,2,0.14,0,1.63
journey,trip,8.88,2.57,3.71,2,0.14,0,1.14
activity,movement,7.15,2.72,3.63,2,0.14,0,1.1
gossip,news,5.22,3,3.41,2,0.14,0,1.21
father,god,3.57,4.52,2.07,2,0.14,0,1.31
action,course,5.45,2.86,3.82,2,0.14,0,1.75
fever,illness,7.65,3.27,3.54,2,0.14,0,1.54
aviation,flight,8.18,3.39,3.9,2,0.14,0,1.83
game,action,4.85,4.5,2.86,2,0.14,0,1.12
molecule,air,3.05,3.27,4.11,2,0.14,0,1.84
home,state,2.58,4.11,3.52,3,0.14,0,1.6
word,literature,4.77,3.56,4.1,3,0.14,0,0.59
adult,guardian,6.9,4.4,3.28,3,0.14,0,1.19
newspaper,information,5.65,4.82,2.87,3,0.14,0,1.31
communication,television,5.6,2.9,4.83,3,0.14,0,1.27
cousin,uncle,4.63,3.7,4.24,3,0.14,0,1.84
author,reader,1.6,4.26,3.89,3,0.14,0,1.47
guy,partner,3.57,4.68,3.53,3,0.14,0,1.24
area,corner,2.07,3.72,4.61,3,0.14,0,1.41
ballad,song,7.53,3.88,4.46,3,0.14,0,0.84
wall,decoration,2.62,4.86,3.53,3,0.14,0,0.89
word,page,2.92,3.56,4.9,3,0.14,0,0.99
nurse,scientist,2.08,4.39,4.24,3,0.14,0,1.06
politician,president,7.38,4.33,4.4,3,0.14,0,1.05
president,mayor,5.68,4.4,4.37,3,0.14,0,1.4
book,essay,4.72,4.9,3.97,3,0.14,0,1.3
man,warrior,4.72,4.79,4.17,3,0.14,0,1.03
article,journal,6.18,4.33,4.63,3,0.14,0,1.45
breakfast,supper,4.4,4.43,4.63,3,0.14,0,1.47
crowd,parade,3.93,4.52,4.54,3,0.14,0,1.05
aisle,hallway,6.75,4.35,4.74,3,0.14,0,1.36
teacher,rabbi,4.37,4.52,4.64,3,0.14,0,1.12
hip,lip,1.43,4.21,4.96,3,0.14,0,1.45
book,article,5.43,4.9,4.33,3,0.14,0,0.95
room,cell,4.58,4.79,4.44,3,0.14,0,1.28
box,booth,3.8,4.9,4.42,3,0.14,0,1.38
daughter,kid,4.17,4.79,4.56,3,0.14,0,1.24
limb,leg,6.9,4.64,4.83,4,0.14,0,1.23
liver,lung,2.7,4.68,4.82,4,0.14,0,1.38
classroom,hallway,2,4.76,4.74,4,0.14,0,1.23
mountain,ledge,3.73,4.96,4.72,4,0.14,0,1.21
car,elevator,1.03,4.89,4.79,4,0.14,0,1.19
bed,couch,3.42,5,4.71,4,0.14,0,1.85
clothes,button,2.3,4.76,4.96,4,0.14,0,1.44
clothes,coat,5.35,4.76,4.97,4,0.14,0,1.37
kidney,organ,6.17,4.96,4.77,4,0.14,0,0.95
apple,sauce,1.43,5,4.75,4,0.14,0,2.11
chicken,steak,3.73,4.8,4.96,4,0.14,0,1.39
car,hose,0.87,4.89,4.87,4,0.14,0,0.78
tobacco,cigarette,7.5,4.88,4.88,4,0.14,0,1.49
student,professor,1.95,4.92,4.86,4,0.14,0,1.13
baby,daughter,5,5,4.79,4,0.14,0,1.29
pipe,cigar,6.03,4.88,4.93,4,0.14,0,1.01
milk,juice,4.05,4.92,4.89,4,0.14,0,1.46
box,cigar,1.25,4.9,4.93,4,0.14,0,1.89
apartment,hotel,3.33,4.9,4.93,4,0.14,0,1.18
cup,cone,3.17,5,4.86,4,0.14,0,1.13
horse,ox,3.02,5,4.86,4,0.14,0,1.18
throat,nose,2.8,4.97,4.89,4,0.14,0,1.12
bone,teeth,4.17,4.9,4.96,4,0.14,0,1.92
bone,elbow,3.78,4.9,5,4,0.14,0,1.58
bacon,bean,1.22,4.9,5,4,0.14,0,0.92
cup,jar,5.13,5,5,4,0.14,0,1.17
proof,fact,7.3,2.67,2.72,2,0.13,0,1.7
appointment,engagement,6.75,3,2.75,2,0.13,0,1.59
birthday,year,1.67,3.2,3.25,2,0.13,0,1.69
word,clue,2.53,3.56,2.93,2,0.13,0,1.65
author,creator,8.02,4.26,3.07,2,0.13,0,1.5
atom,carbon,3.1,3.34,4.22,3,0.13,0,0.93
archbishop,bishop,7.05,4.14,4.21,3,0.13,0,1.59
letter,paragraph,4,4.7,3.96,3,0.13,0,1.12
page,paragraph,3.03,4.9,3.96,3,0.13,0,1.37
steeple,chapel,7.08,4.74,4.6,3,0.13,0,1.03
muscle,bone,3.65,4.5,4.9,3,0.13,0,1.68
muscle,tongue,5,4.5,4.93,3,0.13,0,1.65
boy,soldier,2.15,4.76,4.72,4,0.13,0,1.51
belly,abdomen,8.13,4.8,4.7,4,0.13,0,1.53
guy,girl,3.33,4.68,4.85,4,0.13,0,1.9
bed,chair,3.5,5,4.58,4,0.13,0,1.26
clothes,jacket,5.15,4.76,4.86,4,0.13,0,0.74
gun,knife,3.65,4.83,4.9,4,0.13,0,1.03
tin,metal,5.63,4.87,4.87,4,0.13,0,1.15
bottle,container,7.93,4.91,4.85,4,0.13,0,1.38
hen,turkey,6.13,4.9,4.89,4,0.13,0,1.6
meat,bread,1.67,4.9,4.92,4,0.13,0,1.62
arm,bone,3.83,4.96,4.9,4,0.13,0,1.94
neck,spine,5.32,5,4.88,4,0.13,0,1.16
apple,lemon,4.05,5,5,4,0.13,0,1.58
agony,grief,7.63,2.38,2.7,1,0.12,0,1.94
assignment,task,8.7,3.86,2.84,2,0.12,0,1.37
night,dawn,2.95,4.52,4.46,3,0.12,0,1.53
dinner,soup,3.72,4.5,4.72,3,0.12,0,1.89
calf,bull,4.93,4.48,4.85,3,0.12,0,1.67
snow,storm,4.8,4.85,4.7,4,0.12,0,0.88
nail,hand,3.42,4.93,4.72,4,0.12,0,1.14
dog,horse,2.38,4.85,5,4,0.12,0,1.39
arm,neck,1.58,4.96,5,4,0.12,0,0.72
ball,glove,1.75,5,4.97,4,0.12,0,1.27
flu,fever,6.08,3.65,3.27,2,0.11,0,1.58
fee,salary,3.72,3.89,3.69,3,0.11,0,1.26
nerve,brain,3.88,3.89,4.69,3,0.11,0,1.74
beast,animal,7.83,4.63,4.61,3,0.11,0,1.64
dinner,chicken,2.85,4.5,4.8,3,0.11,0,1.5
girl,maid,2.93,4.85,4.64,4,0.11,0,0.9
child,boy,5.75,4.78,4.76,4,0.11,0,1.82
alcohol,wine,7.42,4.76,4.79,4,0.11,0,1.53
nose,mouth,3.73,4.89,4.74,4,0.11,0,1.5
street,car,2.38,4.75,4.89,4,0.11,0,1.16
bell,door,2.2,4.96,4.81,4,0.11,0,1.46
box,hat,1.3,4.9,4.88,4,0.11,0,1.15
belief,impression,5.95,1.19,2.23,1,0.1,0,0.72
bias,opinion,5.6,1.68,1.93,1,0.1,0,1.16
attention,awareness,8.73,2.3,1.84,1,0.1,0,1.64
anger,mood,4.1,2.41,1.75,1,0.1,0,1.87
elegance,style,5.72,2.18,2.67,1,0.1,0,1.76
beauty,age,1.58,2.93,2.86,2,0.1,0,1.54
book,theme,2.58,4.9,2.72,3,0.1,0,0.81
friend,mother,2.53,3.07,4.6,3,0.1,0,1.54
vitamin,iron,5.55,4.48,4.59,3,0.1,0,1.14
car,factory,2.75,4.89,4.76,4,0.1,0,1.43
pact,condition,2.45,2.52,2.15,1,0,0,1.59
chapter,choice,0.48,3.43,1.9,2,0,0,0.86
arithmetic,rhythm,2.35,2.74,3.07,2,0,0,2.08
winner,presence,1.08,3.21,2.72,2,0,0,1.12
belief,flower,0.4,1.19,5,2,0,0,1.19
winner,goal,3.23,3.21,3.06,2,0,0,1.67
trick,size,0.48,3.36,3.13,2,0,0,0.59
choice,vein,0.98,1.9,4.63,2,0,0,1.11
hymn,conquest,0.68,4.04,2.54,2,0,0,0.88
endurance,band,0.4,2,4.68,2,0,0,0.44
jail,choice,1.08,4.83,1.9,2,0,0,1.08
condition,boy,0.48,2.15,4.76,2,0,0,0.8
flower,endurance,0.4,5,2,2,0,0,1.7
hole,agreement,0.3,4.81,2.22,2,0,0,1.72
doctor,temper,0.48,4.69,2.56,2,0,0,1.44
fraternity,door,0.68,2.46,4.81,2,0,0,0.94
task,woman,0.68,2.84,4.46,2,0,0,0.34
fraternity,baseball,0.88,2.46,4.86,2,0,0,0.98
cent,size,0.4,4.19,3.13,2,0,0,1.24
presence,door,0.48,2.72,4.81,3,0,0,0.83
mouse,management,0.48,4.83,2.72,3,0,0,1.59
task,highway,0.48,2.84,4.72,3,0,0,1.34
liquor,century,0.4,4.73,2.83,3,0,0,1.31
task,straw,0.68,2.84,4.77,3,0,0,1.53
island,task,0.3,4.96,2.84,3,0,0,0.96
night,chapter,0.48,4.52,3.43,3,0,0,0.92
pollution,president,0.68,3.75,4.4,3,0,0,1.6
gun,trick,0.48,4.83,3.36,3,0,0,1.41
bath,trick,0.58,4.85,3.36,3,0,0,1.28
diet,apple,1.18,3.21,5,3,0,0,1.56
cent,wife,0.58,4.19,4.13,3,0,0,1.7
chapter,tail,0.3,3.43,4.96,3,0,0,1.57
course,stomach,0.58,3.82,4.89,3,0,0,0.87
hymn,straw,0.4,4.04,4.77,3,0,0,1.64
dentist,colonel,0.4,4.93,3.89,3,0,0,1.7
wife,straw,0.4,4.13,4.77,3,0,0,1.53
hole,wife,0.68,4.81,4.13,3,0,0,1.18
pupil,president,0.78,4.55,4.4,3,0,0,1.28
bath,wife,0.48,4.85,4.13,3,0,0,1.42
people,cent,0.48,4.82,4.19,3,0,0,1.61
formula,log,1.77,4.11,4.96,3,0,0,1.51
woman,fur,0.58,4.46,4.69,3,0,0,0.99
apple,sunshine,0.58,5,4.21,3,0,0,1.2
gun,dawn,1.18,4.83,4.46,3,0,0,1.57
meal,waist,0.98,4.62,4.72,3,0,0,1.58
camera,president,0.48,5,4.4,3,0,0,1.56
liquor,band,0.68,4.73,4.68,3,0,0,0.91
stomach,vein,2.35,4.89,4.63,4,0,0,1.2
gun,fur,0.3,4.83,4.69,4,0,0,1.8
couch,baseball,0.88,4.71,4.86,4,0,0,1.32
worker,camera,0.68,4.59,5,4,0,0,1.21
deck,mouse,0.48,4.77,4.83,4,0,0,1.48
rice,boy,0.4,4.86,4.76,4,0,0,1.72
people,gun,0.68,4.82,4.83,4,0,0,1.47
cliff,tail,0.3,4.71,4.96,4,0,0,1.57
ankle,window,0.3,4.81,4.86,4,0,0,1.8
princess,island,0.3,4.72,4.96,4,0,0,1.36
container,mouse,0.3,4.85,4.83,4,0,0,0.95
wagon,container,2.65,4.89,4.85,4,0,0,0.85
people,balloon,0.48,4.82,4.92,4,0,0,1.96
dollar,people,0.4,4.93,4.82,4,0,0,1.42
bath,balloon,0.4,4.85,4.92,4,0,0,1.41
stomach,bedroom,0.4,4.89,4.9,4,0,0,0.97
bicycle,bedroom,0.4,4.89,4.9,4,0,0,1.47
log,bath,0.4,4.96,4.85,4,0,0,1.63
bowl,tail,0.48,4.87,4.96,4,0,0,1
go,come,2.42,3.15,2.72,2,5.75,1,1.51
take,steal,6.18,3.06,3.84,2,3.28,1,1.69
listen,hear,8.17,3.47,3.66,2,3.22,1,1.72
think,rationalize,8.25,2.41,1.52,1,3.17,1,1.13
occur,happen,9.32,1.84,1.78,1,2.87,1,1.34
vanish,disappear,9.8,2.77,2.86,2,2.76,1,0.46
multiply,divide,1.75,2.79,2.86,2,2.53,1,1.32
plead,beg,9.08,2.59,2.96,2,2.5,1,1.26
begin,originate,8.2,2.56,2.23,1,2.44,1,0.75
protect,defend,9.13,2.86,2.31,1,2.28,1,1.29
kill,destroy,5.9,3.9,3.08,2,2,1,1.93
create,make,8.72,2.62,2.67,2,1.72,1,1.14
accept,reject,0.83,3.03,2.4,2,1.69,1,1.28
ignore,avoid,6.87,2.22,2.41,1,1.56,1,1.22
carry,bring,5.8,4.04,2.55,2,1.37,1,1.24
leave,enter,0.95,2.53,3.12,2,1.3,1,1.91
choose,elect,7.62,2.62,2.41,1,1.28,1,1.14
lose,fail,7.33,2.25,3,2,1.28,1,1.79
encourage,discourage,1.58,2.61,1.9,1,1.23,1,1.55
achieve,accomplish,8.57,2.29,2.33,1,1.22,1,0.94
make,construct,8.33,2.67,2.6,2,1.2,1,0.85
listen,obey,4.93,3.47,2.67,2,1.19,1,1.33
inform,notify,9.25,2.25,3.04,2,1.15,1,0.44
receive,give,1.47,2.69,2.83,2,1.11,1,1.19
borrow,beg,2.62,3.1,2.96,2,1,1,1.89
take,obtain,7.1,3.06,3,2,0.9,1,1.01
advise,recommend,8.1,2.03,1.74,1,0.89,1,1.6
imitate,portray,6.75,2.66,2.18,1,0.89,1,1.13
win,succeed,7.9,2.67,2.33,1,0.89,1,1.83
think,decide,5.13,2.41,1.92,1,0.88,1,1.4
greet,meet,6.17,2.96,3,2,0.83,1,1.73
agree,argue,0.77,2.31,2.75,1,0.81,1,1.68
enjoy,entertain,5.92,2.29,2.55,1,0.79,1,1.27
destroy,make,1.6,3.08,2.67,2,0.78,1,1.72
save,protect,6.58,2.42,2.86,2,0.74,1,0.44
give,lend,7.22,2.83,3.07,2,0.72,1,0.93
understand,know,7.47,2.28,1.68,1,0.71,1,1.26
take,receive,5.08,3.06,2.69,2,0.7,1,0.48
accept,acknowledge,6.88,3.03,2.03,1,0.69,1,1.63
decide,choose,8.87,1.92,2.62,1,0.67,1,1.26
accept,believe,6.75,3.03,1.55,1,0.67,1,1.61
keep,possess,8.27,2.37,2.6,1,0.62,1,0.8
roam,wander,8.83,2.85,2.28,1,0.61,1,0.89
succeed,fail,0.83,2.33,3,2,0.61,1,1.44
spend,save,0.55,2.93,2.42,2,0.61,1,1.06
leave,go,7.63,2.53,3.15,2,0.61,1,1.49
come,attend,8.1,2.72,3.17,2,0.61,1,1.6
know,believe,5.5,1.68,1.55,1,0.6,1,1.18
gather,meet,7.3,2.75,3,2,0.55,1,0.59
make,earn,7.62,2.67,2.39,1,0.54,1,1.92
forget,ignore,3.07,2.04,2.22,1,0.5,1,1.25
multiply,add,2.7,2.79,3,2,0.5,1,1.8
shrink,grow,0.23,3.55,3.03,2,0.5,1,1.2
arrive,leave,1.33,3.22,2.53,2,0.49,1,1.48
succeed,try,3.98,2.33,2.22,1,0.48,1,1.35
accept,deny,1.75,3.03,2.2,2,0.48,1,1.41
arrive,come,7.05,3.22,2.72,2,0.48,1,1.56
agree,differ,1.05,2.31,1.59,1,0.42,0,1.53
send,receive,1.08,2.7,2.69,2,0.42,0,1.53
win,dominate,5.68,2.67,2.12,1,0.41,0,1.74
add,divide,2.3,3,2.86,2,0.41,0,1.25
kill,choke,4.92,3.9,3.97,3,0.41,0,1.48
acquire,get,8.82,2.93,2.38,2,0.39,0,0.94
participate,join,7.7,2.59,2.86,2,0.39,0,1.69
leave,remain,2.53,2.53,1.96,1,0.34,0,1.36
go,enter,4,3.15,3.12,2,0.34,0,1.43
take,carry,5.23,3.06,4.04,2,0.34,0,0.44
forget,learn,1.18,2.04,2.2,1,0.33,0,1.65
appoint,elect,8.17,2.24,2.41,1,0.33,0,1.51
engage,marry,5.43,2.07,3.03,1,0.33,0,1.12
ask,pray,3.72,2.52,3.21,2,0.33,0,1.63
go,send,3.75,3.15,2.7,2,0.33,0,0.77
take,deliver,4.37,3.06,3.12,2,0.33,0,1.16
speak,hear,3.02,3.7,3.66,2,0.33,0,0.76
analyze,evaluate,8.03,2.3,1.85,1,0.28,0,0.49
argue,rationalize,4.2,2.75,1.52,1,0.28,0,1.21
lose,keep,1.05,2.25,2.37,1,0.28,0,1.57
compare,analyze,8.1,2.52,2.3,1,0.28,0,0.84
disorganize,organize,1.45,2.44,2.72,1,0.28,0,1.3
go,allow,3.62,3.15,2.41,2,0.28,0,1.53
take,possess,7.2,3.06,2.6,2,0.28,0,1.14
learn,listen,3.88,2.2,3.47,2,0.28,0,1.65
destroy,construct,0.92,3.08,2.6,2,0.28,0,1.78
create,build,8.48,2.62,3.71,2,0.28,0,1.14
steal,buy,1.13,3.84,3.35,2,0.28,0,0.95
kill,hang,4.45,3.9,3.7,3,0.28,0,1.43
forget,know,0.92,2.04,1.68,1,0.27,0,1.6
create,imagine,5.13,2.62,1.53,1,0.27,0,1.7
do,happen,4.23,2.46,1.78,1,0.27,0,1.02
win,accomplish,7.85,2.67,2.33,1,0.27,0,0.8
give,deny,1.43,2.83,2.2,1,0.27,0,1.36
deserve,earn,5.8,1.69,2.39,1,0.23,0,0.62
get,put,1.98,2.38,2.5,1,0.22,0,1.33
locate,find,8.73,2.97,2.63,2,0.22,0,1.54
appear,attend,6.28,3.13,3.17,2,0.22,0,1.47
know,comprehend,7.63,1.68,1.86,1,0.21,0,1.39
pretend,imagine,8.47,2.11,1.53,1,0.21,0,1.63
satisfy,please,7.67,2.04,1.64,1,0.21,0,1.74
cherish,keep,4.85,1.73,2.37,1,0.21,0,1.78
argue,differ,5.15,2.75,1.59,1,0.21,0,1.22
overcome,dominate,6.25,2.28,2.12,1,0.21,0,1.58
behave,obey,7.3,1.78,2.67,1,0.21,0,1.24
cooperate,participate,6.43,1.87,2.59,1,0.21,0,1.5
achieve,try,4.42,2.29,2.22,1,0.21,0,1.14
fail,discourage,3.33,3,1.9,1,0.21,0,1.2
begin,quit,1.28,2.56,2.56,1,0.21,0,1.53
say,participate,3.82,2.58,2.59,1,0.21,0,1.3
come,bring,2.42,2.72,2.55,2,0.21,0,1.03
declare,announce,9.08,2,3.31,2,0.21,0,1.56
read,comprehend,4.7,3.56,1.86,2,0.21,0,1.75
take,leave,2.47,3.06,2.53,2,0.21,0,0.8
proclaim,announce,8.18,2.36,3.31,2,0.21,0,1.58
acquire,obtain,8.57,2.93,3,2,0.21,0,1.96
conclude,decide,7.75,1.78,1.92,1,0.2,0,1.17
please,plead,2.98,1.64,2.59,1,0.2,0,1.18
argue,prove,4.83,2.75,1.83,1,0.2,0,0.62
ask,plead,6.47,2.52,2.59,1,0.2,0,1.62
find,disappear,0.77,2.63,2.86,2,0.2,0,1.04
inspect,examine,8.75,3.31,2.86,2,0.2,0,1.39
verify,justify,4.08,2.1,1.45,1,0.17,0,1.11
assume,predict,4.85,1.75,2,1,0.17,0,1.02
learn,evaluate,4.17,2.2,1.85,1,0.17,0,0.88
argue,justify,5,2.75,1.45,1,0.17,0,1.13
make,become,4.77,2.67,1.54,1,0.17,0,0.82
discover,originate,4.83,2.37,2.23,1,0.17,0,1.33
achieve,succeed,7.5,2.29,2.33,1,0.17,0,1.29
give,put,3.65,2.83,2.5,2,0.17,0,1.47
understand,listen,4.68,2.28,3.47,2,0.17,0,1.66
expand,grow,8.27,3.36,3.03,2,0.17,0,1.28
borrow,sell,1.73,3.1,3.35,2,0.17,0,1.21
keep,protect,5.4,2.37,2.86,2,0.15,0,1.26
explain,prove,4.1,1.97,1.83,1,0.14,0,1.29
assume,pretend,3.72,1.75,2.11,1,0.14,0,1.15
agree,please,4.13,2.31,1.64,1,0.14,0,1.7
forgive,forget,3.92,1.92,2.04,1,0.14,0,1.5
clarify,explain,8.33,2.07,1.97,1,0.14,0,1.74
understand,forgive,4.87,2.28,1.92,1,0.14,0,1.32
remind,forget,0.87,2.19,2.04,1,0.14,0,1.56
get,remain,1.6,2.38,1.96,1,0.14,0,1.68
realize,discover,7.47,2.03,2.37,1,0.14,0,0.59
require,inquire,1.82,2.07,2.38,1,0.14,0,1.06
ignore,ask,1.07,2.22,2.52,1,0.14,0,1.27
think,inquire,4.77,2.41,2.38,1,0.14,0,1.23
reject,avoid,4.78,2.4,2.41,1,0.14,0,1.36
argue,persuade,6.23,2.75,2.07,1,0.14,0,1.7
pursue,persuade,3.17,2.83,2.07,1,0.14,0,1.39
accept,forgive,3.73,3.03,1.92,1,0.14,0,1.75
do,quit,1.17,2.46,2.56,1,0.14,0,1.81
investigate,examine,8.1,2.27,2.86,1,0.14,0,1.31
discuss,explain,6.67,3.17,1.97,1,0.14,0,1.53
owe,lend,2.32,2.07,3.07,1,0.14,0,0.82
explore,discover,8.48,2.9,2.37,2,0.14,0,1.33
complain,argue,4.8,2.6,2.75,2,0.14,0,0.9
withdraw,reject,6.38,3.04,2.4,2,0.14,0,1.97
keep,borrow,2.25,2.37,3.1,2,0.14,0,1.29
beg,ask,6,2.96,2.52,2,0.14,0,1.58
arrange,organize,8.27,2.79,2.72,2,0.14,0,1.1
reduce,shrink,8.02,2,3.55,2,0.14,0,1.82
speak,acknowledge,4.67,3.7,2.03,2,0.14,0,1.47
give,borrow,2.22,2.83,3.1,2,0.14,0,1.63
kill,defend,2.63,3.9,2.31,2,0.14,0,0.85
disappear,shrink,5.8,2.86,3.55,2,0.14,0,1
deliver,carry,3.88,3.12,4.04,2,0.14,0,1.44
breathe,choke,1.37,4.07,3.97,3,0.14,0,2.02
acknowledge,notify,5.3,2.03,3.04,1,0.13,0,0.62
become,seem,2.63,1.54,1.75,1,0.11,0,1.79
pretend,seem,4.68,2.11,1.75,1,0.11,0,1.63
accomplish,become,4,2.33,1.54,1,0.11,0,0.85
contemplate,think,8.82,1.71,2.41,1,0.11,0,1.59
determine,predict,5.8,2.13,2,1,0.11,0,1.37
please,entertain,5,1.64,2.55,1,0.11,0,0.71
remain,retain,5.75,1.96,2.32,1,0.11,0,1.12
pretend,portray,7.03,2.11,2.18,1,0.11,0,1.64
forget,retain,0.63,2.04,2.32,1,0.11,0,1.68
want,choose,4.78,1.93,2.62,1,0.11,0,1.56
lose,get,0.77,2.25,2.38,1,0.11,0,1.33
try,think,2.62,2.22,2.41,1,0.11,0,1.45
become,appear,4.77,1.54,3.13,1,0.11,0,1.51
leave,ignore,4.42,2.53,2.22,1,0.11,0,1.33
accept,recommend,2.75,3.03,1.74,1,0.11,0,1.01
leave,wander,3.57,2.53,2.28,1,0.11,0,1.33
keep,give,1.05,2.37,2.83,2,0.11,0,1.03
give,allow,5.15,2.83,2.41,2,0.11,0,1.32
bring,send,2.97,2.55,2.7,2,0.11,0,0.88
absorb,learn,5.48,3.11,2.2,2,0.11,0,1.16
acquire,find,6.38,2.93,2.63,2,0.11,0,1.74
leave,appear,0.97,2.53,3.13,2,0.11,0,1.45
create,destroy,0.63,2.62,3.08,2,0.11,0,1.1
begin,go,7.42,2.56,3.15,2,0.11,0,1.24
get,buy,5.08,2.38,3.35,2,0.11,0,1.02
collect,save,6.67,3.34,2.42,2,0.11,0,0.44
replace,restore,5.73,3,2.79,2,0.11,0,1.08
join,add,8.1,2.86,3,2,0.11,0,0.88
join,marry,5.35,2.86,3.03,2,0.11,0,1.41
accept,deliver,1.58,3.03,3.12,2,0.11,0,1.37
attach,join,7.75,3.33,2.86,2,0.11,0,0.94
put,hang,3,2.5,3.7,2,0.11,0,1.49
go,sell,0.97,3.15,3.35,2,0.11,0,0.9
communicate,pray,3.55,3.43,3.21,2,0.11,0,1.38
give,steal,0.5,2.83,3.84,2,0.11,0,0.62
add,build,4.92,3,3.71,2,0.11,0,1.1
bring,restore,2.62,2.55,2.79,2,0.1,0,0.74
comprehend,satisfy,2.55,1.86,2.04,1,0,0,1
portray,decide,1.18,2.18,1.92,1,0,0,1.37
organize,become,1.77,2.72,1.54,1,0,0,1.86
give,know,0.88,2.83,1.68,1,0,0,1.12
say,verify,4.9,2.58,2.1,1,0,0,0.65
cooperate,join,5.18,1.87,2.86,1,0,0,0.36
arrange,require,0.98,2.79,2.07,1,0,0,1.72
borrow,want,1.77,3.1,1.93,1,0,0,1.22
investigate,pursue,7.15,2.27,2.83,1,0,0,0.56
ignore,explore,0.4,2.22,2.9,1,0,0,1.19
bring,complain,0.98,2.55,2.6,1,0,0,1.57
enter,owe,0.68,3.12,2.07,1,0,0,1.67
portray,notify,0.78,2.18,3.04,2,0,0,1.17
remind,sell,0.4,2.19,3.35,2,0,0,1.61
absorb,possess,5,3.11,2.6,2,0,0,1.15
join,acquire,2.85,2.86,2.93,2,0,0,0.99
send,attend,1.67,2.7,3.17,2,0,0,1.44
gather,attend,4.8,2.75,3.17,2,0,0,1.97
absorb,withdraw,2.97,3.11,3.04,2,0,0,1.75
attend,arrive,6.08,3.17,3.22,2,0,0,1.18